# READ UNCOMMITTED

| steps | session 1                                                    | session 2                                                    |
| :---- | :----------------------------------------------------------- | :----------------------------------------------------------- |
|       | `mysql> show variables like '%iso%';` <br>  `+-----------------------+-----------------+` <br> `&#124; Variable_name         &#124; Value           &#124;` <br> `+-----------------------+-----------------+` <br> `| transaction_isolation | REPEATABLE-READ |` <br> `| tx_isolation          | REPEATABLE-READ |` <br> `+-----------------------+-----------------+` <br> `2 rows in set (0.02 sec)` | `mysql> show variables like '%iso%';` <br> `+-----------------------+-----------------+` <br> `| Variable_name         | Value           |` <br> `+-----------------------+-----------------+` <br> `| transaction_isolation | REPEATABLE-READ |` <br> `| tx_isolation          | REPEATABLE-READ |` <br> `+-----------------------+-----------------+` <br> `2 rows in set (0.02 sec)` |
|       | `mysql> set session tx_isolation='READ-UNCOMMITTED';` <br> `Query OK, 0 rows affected, 1 warning (0.01 sec)` | `mysql> set session tx_isolation='READ-UNCOMMITTED';` <br> `Query OK, 0 rows affected, 1 warning (0.01 sec)` |
|       | `mysql> show variables like '%iso%';` <br> `+-----------------------+------------------+` <br>  `| Variable_name         | Value            |` <br> `+-----------------------+------------------+` <br> `| transaction_isolation | READ-UNCOMMITTED |` <br> `| tx_isolation          | READ-UNCOMMITTED |` <br> `+-----------------------+------------------+` <br> `2 rows in set (0.01 sec)` |                                                              |
|       | `mysql> select * from test1;` <br> `+----+` <br> `| id |` <br> `+----+` <br> `|  1 |` <br> `|  2 |` <br> `+----+` <br> `2 rows in set (0.01 sec)` | `mysql> select * from test1;` <br> `+----+` <br> `| id |` <br> `+----+` <br> `|  1 |` <br> `|  2 |` <br> `+----+` <br> `2 rows in set (0.01 sec)` |
|       | `mysql> begin;` <br> `Query OK, 0 rows affected (0.00 sec)`  | `mysql> begin;` <br> `Query OK, 0 rows affected (0.00 sec)`  |
|       | `mysql> select * from test1;` <br> `+----+` <br> `| id |` <br> `+----+` <br> `|  1 |` <br> `|  2 |` <br> `+----+` <br> `2 rows in set (0.00 sec)` | `mysql> select * from test1;` <br> `+----+` <br> `| id |` <br> `+----+` <br> `|  1 |` <br> `|  2 |` <br> `+----+` <br> `2 rows in set (0.00 sec)` |
|       | `mysql> insert into test1 value(3);` <br> `Query OK, 1 row affected (0.01 sec)` |                                                              |
|       | `mysql> select * from test1;` <br> `+----+` <br> `| id |` <br> `+----+` <br> `|  1 |` <br> `|  2 |` <br> `|  3 |` <br> `+----+` <br> `3 rows in set (0.01 sec)` | `mysql> select * from test1;` <br> `+----+` <br> `| id |` <br> `+----+` <br> `|  1 |` <br> `|  2 |` <br> `+----+` <br> `2 rows in set (0.00 sec)` |
|       |                                                              | `mysql> insert into test1 value(4);` <br> `Query OK, 1 row affected (0.01 sec)` |
|       | `mysql> select * from test1;`<br>`+----+`<br>`| id |`<br>`+----+`<br>`|  1 |`<br>`|  2 |`<br>`|  3 |`<br>`|  4 |`<br>`+----+`<br>`4 rows in set (0.01 sec)` | `mysql> select * from test1;` <br> `+----+` <br> `| id |` <br> `+----+` <br> `|  1 |` <br> `|  2 |` <br> `|  4 |` <br> `+----+` <br> `3 rows in set (0.01 sec)` |



